Source,Headline,URL,Label
Live Mint,Foxconn invested $1.4 billion in India till date; CEO says ‘we will grow..’,https://www.livemint.com/companies/news/foxconn-has-invested-1-4-billion-in-indian-business-over-10-billion-business-size-in-2024-11723979397992.html,stocks
Live Mint,Buy or sell: Ganesh Dongre recommends three stocks for Monday — August 18,https://www.livemint.com/market/stock-market-news/buy-or-sell-bata-tata-chemicals-power-grid-ganesh-dongre-recommends-three-stocks-for-monday-11723978695098.html,stocks
Live Mint,China should consider setting a formal inflation target,https://www.livemint.com//opinion/online-views/chinese-central-bank-inflation-targetting-deflation-price-stability-consumer-price-increase-bond-market-rally-us-fed-11723973087978.html,stocks
Live Mint,Market outlook: Investors should prioritize value over growth stocks,https://www.livemint.com/market/stock-market-news/market-outlook-investors-should-prioritize-value-over-growth-stocks-says-analyst-11723980386138.html,stocks
Live Mint,Buy or sell: Ganesh Dongre recommends three stocks for Monday — August 18,https://www.livemint.com/market/stock-market-news/buy-or-sell-bata-tata-chemicals-power-grid-ganesh-dongre-recommends-three-stocks-for-monday-11723978695098.html,stocks
Live Mint,Dharmesh Shah recommends these two stocks to buy on August 19,https://www.livemint.com/market/stock-market-news/top-stock-recommendations-dharmesh-shah-of-icici-securities-suggests-gail-tech-mahindra-for-august-19-11723911273692.html,stocks
Live Mint,Why Indian IT firms dread US economic uncertainty,https://www.livemint.com/economy/it-industry-it-firms-it-services-companies-us-economy-recession-jobs-employment-interest-rates-inflation-11723964443686.html,stocks
Live Mint,Beyond the noise: Unpacking Q1 earnings surprises,https://www.livemint.com/news/india/q1-earnings-trends-june-quarter-indian-companies-growth-story-profits-non-core-revenue-stock-price-11723958096774.html,stocks
Live Mint,One of India’s largest plastic recyclers has a new PET project. Investors love it.,https://www.livemint.com/companies/news/ganesha-ecosphere-share-price-pet-waste-recycling-r-pet-plastic-recycling-textile-industry-fmcg-epr-norms-esg-11723739797509.html,stocks
Live Mint,Sakhalin stalemate: India wants equity oil; Russia for dividends.,https://www.livemint.com/companies/rosneft-ongc-videsh-vankorneft-taas-yuryakh-neftegazodobycha-opec-narendra-modi-dividends-11723624145441.html,stocks
Live Mint,F&O signals more rally in markets as analysts expect a pullback,https://www.livemint.com/market/stock-market-news/fo-signals-markets-analysts-investors-fiis-nifty-11723716829559.html,stocks
Live Mint,IIM grads get a reality check in a tight job market,https://www.livemint.com/education/iim-grads-get-a-reality-check-in-a-tight-job-market-11723633080734.html,stocks
Live Mint,Are paper stocks cheap enough to own now?,https://www.livemint.com/market/paper-stocks-packaging-industry-amazon-flipkart-delivery-jk-paper-west-coast-paper-mills-11723550739176.html,stocks
Live Mint,How DSP’s curious 10-stock fund is marching to a Hritik tune,https://www.livemint.com/money/personal-finance/dsp-new-fund-largecap-stock-hritik-hdfc-reliance-itc-tcs-infosys-kotak-nifty-11723702438675.html,stocks
Live Mint,"Offshore fund used by Buch nestled in Bermuda, not Mauritius",https://www.livemint.com/market/offshore-fund-used-by-buch-nestled-in-bermuda-not-mauritius-11723641800580.html,stocks
Live Mint,Mint Primer: Seven economic moments to remember since 1947,https://www.livemint.com/economy/mint-primer-seven-economic-moments-to-remember-since-1947-independence-day-manmohan-liberalisation-green-revolution-11723646840035.html,stocks
Live Mint,Netflix is making stand-up comedy anything but special,https://www.livemint.com/mint-lounge/art-and-culture/netflix-standup-comedy-special-trevor-noah-joe-rogan-bo-burnham-11723635263595.html,stocks
Live Mint,"Amid FII selling, retail investors again prop up Indian market",https://www.livemint.com/market/stock-market-news/retail-investor-hni-investor-fii-selling-indian-stock-market-nifty-domestic-institutional-investor-mutual-funds-11723612466955.html,stocks
Live Mint,Factor investing has started drawing serious money in India,https://www.livemint.com/market/stock-market-news/factor-investing-has-started-drawing-serious-money-in-india-funds-volatility-nifty-sensex-gains-11723529181882.html,stocks
Live Mint,Snow World owner Prasuk Jain eyes IPO in 2027,https://www.livemint.com/companies/news/snow-world-prasuk-jain-ipo-hospitality-entertainment-game-palacio-formula-karting-debt-oberoi-mall-11723977937278.html,stocks
Live Mint,Foxconn invested $1.4 billion in India till date; CEO says ‘we will grow..’,https://www.livemint.com/companies/news/foxconn-has-invested-1-4-billion-in-indian-business-over-10-billion-business-size-in-2024-11723979397992.html,stocks
Live Mint,Why Indian IT firms dread US economic uncertainty,https://www.livemint.com/economy/it-industry-it-firms-it-services-companies-us-economy-recession-jobs-employment-interest-rates-inflation-11723964443686.html,stocks
Live Mint,"OLA Electric Reveals Big EV Plan for India, Gets First ‘Buy’ Call",https://www.livemint.com/videos/markets/ola-electric-reveals-big-ev-plan-for-india-gets-first-buy-call-ola-electric-shares-price-target-11723802935228.html,stocks
Live Mint,Japan PM Fumio Kishida to Not Run for Re-election; Here’s Why | Japan Economy,https://www.livemint.com/videos/economy/japan-pm-fumio-kishida-to-not-run-for-re-election-here-s-why-japan-economy-11723623619968.html,stocks
Live Mint,"Riot Labz plans IPO in 2027, pre-IPO fundraise in FY26: CEO Shishir Gupta",https://www.livemint.com/industry/riot-labz-plans-ipo-in-2027-fundraise-from-pre-ipo-placement-in-fy26-ceo-shishir-gupta-11723968141192.html,stocks
Live Mint,China should consider setting a formal inflation target,https://www.livemint.com/opinion/online-views/chinese-central-bank-inflation-targetting-deflation-price-stability-consumer-price-increase-bond-market-rally-us-fed-11723973087978.html,stocks
Live Mint,Jharkhand ex-CM Champai Soren lists three options amid buzz of joining BJP,https://www.livemint.com/politics/jharkhand-assembly-elections-jmm-leader-champai-soren-lists-three-options-amid-buzz-of-joining-bjp-hemant-soren-11723984557082.html,stocks
Live Mint,UGC NET June 2024 exam admit card for August 21-23 exams OUT. How to download,https://www.livemint.com/education/news/ugc-net-june-2024-exam-admit-card-for-august-21-23-exams-out-direct-link-how-to-download-11723955359909.html,stocks
Live Mint,"Weekend Wrap: From Trent to Saraswati Saree, top market movers and news",https://www.livemint.com/market/stock-market-news/weekend-wrap-august-16-from-trent-to-saraswati-saree-top-market-movers-and-news-of-week-oil-india-mphasis-11723962406763.html,stocks
Live Mint,3 stocks that will make the perfect Raksha Bandhan gift for your sister,https://www.livemint.com/market/stock-market-news/3-stocks-by-master-capital-that-will-make-the-perfect-raksha-bandhan-gift-for-your-sister-tata-motors-l-t-hcl-tech-11723803323851.html,stocks
Live Mint,Is Warren Buffett’s massive cash pile an indication of a coming market downturn?,https://www.livemint.com/market/stock-market-news/is-warren-buffetts-massive-cash-pile-an-indication-of-a-coming-market-downturn-11723801154392.html,stocks
Live Mint,’Markets likely to remain volatile; prioritise numbers over narratives’,https://www.livemint.com/market/stock-market-news/markets-likely-to-remain-volatile-prioritise-numbers-over-narratives-says-sushant-bhansali-of-ambit-asset-management-11723801974809.html,stocks
India-Express,"Amid growing buzz over his ‘switch’ to BJP, JMM ex-CM Champai Soren says he is exploring 3 options",https://indianexpress.com/article/political-pulse/growing-buzz-switch-bjp-jmm-ex-cm-champai-soren-9520647/,stocks
India-Express,FIR lodged over cop’s son firing bullet  from revolver as video surfaces 3 yrs later,https://indianexpress.com/article/cities/pune/fir-lodged-over-cops-son-firing-bullet-from-revolver-as-video-surfaces-3-yrs-later-9521113/,stocks
India-Express,Buy All-Access Plan,https://indianexpress.com/subscribe/all-access/,stocks
India-Express,Buy Digital Premium,https://indianexpress.com/subscribe/premium/,stocks
India-Express,FIR lodged over cop’s son firing bullet  from revolver as video surfaces 3 yrs later,https://indianexpress.com/article/cities/pune/fir-lodged-over-cops-son-firing-bullet-from-revolver-as-video-surfaces-3-yrs-later-9521113/,stocks
India-Express,"BJP workers blame CPI(M) for party activist’s death; burn tyres, block highway in Tripura",https://indianexpress.com/article/india/bjp-workers-blame-cpim-party-activists-death-burn-tyres-block-highway-tripura-9521074/,stocks
India-Today-business,ITR refund scam: Income Tax Department alerts taxpayers. Check details,https://www.indiatoday.in/business/business/story/itr-refund-scam-income-tax-department-issues-warning-alerts-taxpayers-check-details-2583418-2024-08-16,stocks
India-Today-business,IMF's Gita Gopinath shares key reforms India needs for economic growth,https://www.indiatoday.in/business/business/story/imfs-gita-gopinath-shares-key-reforms-india-needs-for-economic-growth-2583402-2024-08-16,stocks
India-Today-business,Ola Electric stock up 20% since IPO listing. Will it keep gaining?,https://www.indiatoday.in/business/business/story/ola-electric-stock-up-20-percent-since-ipo-listing-hsbc-rating-should-you-invest-2583290-2024-08-16,stocks
India-Today-business,"Sensex zooms 1,000 points, Nifty climbs over 24,400 in market rally",https://www.indiatoday.in/business/business/story/sensex-nifty-gain-markets-rally-us-inflation-2583064-2024-08-16,stocks
India-Today-business,India's economic growth better than expectations: IMF's Gita Gopinath,https://www.indiatoday.in/business/business/video/gita-gopinath-imf-on-indian-economy-private-consumption-bangladesh-turmoil-2583051-2024-08-16,stocks
India-Today-business,India to become 3rd largest economy by 2027: IMF's Gita Gopinath to India Today,https://www.indiatoday.in/business/business/story/indias-growth-better-than-expected-to-become-3rd-largest-economy-by-2027-imfs-gita-gopinath-2583039-2024-08-16,stocks
India-Today-business,Explained: Why Hindustan Zinc shares fell 8% today,https://www.indiatoday.in/business/business/story/explained-why-hindustan-zinc-shares-fell-8-percent-today-vedanta-offer-for-sale-2583020-2024-08-16,stocks
India-Today-business,Explained: Why Ola Electric shares gained 16% in early trade today,https://www.indiatoday.in/business/business/story/why-ola-electric-shares-gained-16-percent-in-today-ev-bike-launch-should-you-buy-hsbc-rating-2582996-2024-08-16,stocks
India-Today-business,Saraswati Saree Depot IPO allotment: Step-by-step guide to check status,https://www.indiatoday.in/business/business/story/saraswati-saree-depot-ipo-allotment-step-by-step-guide-to-check-status-gmp-subscription-2582821-2024-08-16,stocks
India-Today-business,"Sensex, Nifty open higher driven by IT stocks, TCS gains 2%",https://www.indiatoday.in/business/business/story/market-opening-sensex-nifty-open-higher-driven-by-it-stocks-hdfc-bank-shares-falls-2-percent-2582973-2024-08-16,stocks
India-Today-business,"ITR refund: Which return gets processed quickest, ITR-1, ITR-2, or ITR-3?",https://www.indiatoday.in/business/business/story/itr-refund-which-return-gets-processed-quickest-itr-1-itr-2-itr-3-income-tax-2582736-2024-08-15,stocks
India-Today-business,Suzlon Energy shares fall 9% from 52-week high: Is it time to buy?,https://www.indiatoday.in/business/business/story/suzlon-energy-shares-fall-9-percent-from-52-week-high-time-to-buy-analyst-view-outlook-2582612-2024-08-15,stocks
India-Today-business,PM Modi meets Foxconn chairman Young Liu to boost India's tech investments,https://www.indiatoday.in/business/business/story/pm-modi-meets-foxconn-chairman-young-liu-boost-indias-tech-investments-discuss-ai-semiconductors-2582588-2024-08-15,stocks
India-Today-business,"Sensex, Nifty close marginally higher as IT stocks gain",https://www.indiatoday.in/business/business/story/market-closing-bell-sensex-nifty-close-marginally-higher-buoyed-by-gain-in-it-stocks-tcs-hcl-infosys-2582122-2024-08-14,stocks
India-Today,"Flower seller forced to buy iPhone for son as he goes on hunger strike, Internet angry",https://www.indiatoday.in//trending-news/story/flower-seller-son-goes-on-hunger-strike-to-buy-iphone-internet-slams-him-2584223-2024-08-18,stocks
India-Today,"Breaking down India’s complex air defence system | In Our Defence, S02, Ep 35",https://podcasts.indiatoday.in/politics-&-history/in-our-defence/breaking-down-indias-complex-air-defence-system-in-our-defence-s02-ep-35-1072468-2024-08-15?utm_source=it,stocks
India-Today,"How does pharmacovigilance work in India? | Health Wealth, Ep 55",https://podcasts.indiatoday.in/health/health-wealth/how-does-pharmacovigilance-work-in-india-health-wealth-ep-55-1070178-2024-08-12?utm_source=it,stocks
India-Today,India's economic growth better than expectations: IMF's Gita Gopinath,https://www.indiatoday.in//business/video/gita-gopinath-imf-on-indian-economy-private-consumption-bangladesh-turmoil-2583051-2024-08-16,stocks
India-Today,India's economic growth better than expectations: IMF's Gita Gopinath,https://www.indiatoday.in/business/video/gita-gopinath-imf-on-indian-economy-private-consumption-bangladesh-turmoil-2583051-2024-08-16,stocks
NDTV,"""3 Options"": Champai Soren's Post On His Resignation And After",https://www.ndtv.com/india-news/three-options-champai-sorens-post-on-his-resignation-and-after-6365078#pfrom=home-ndtv_topscroll,stocks
NDTV,Dawood's Daughter's Gown And A Kidnapping: A Fresh Look At Underworld,https://www.ndtv.com/india-news/dawoods-daughters-gown-and-a-kidnapping-a-fresh-look-at-mp-underworld-6366274#pfrom=home-ndtv_topstories,stocks
NDTV,"Vinesh Phogat Receives Hero's Welcome, Breaks Down",https://sports.ndtv.com/webstories/sports/vinesh-phogat-receives-heros-welcome-breaks-down-22608#pfrom=home-ndtv_webstories,stocks
The-Economic-Times,SEBI chief’s earnings under fire for potential rule breach amid Hindenburg controversy,https://economictimes.indiatimes.com/news/india/sebi-chief-madhabi-puri-buchs-earnings-under-scrutiny-for-rule-breach-amid-hindenburg-controversy/articleshow/112609187.cms,stocks
The-Economic-Times,"'Blow to self-respect, have 3 options before me,' says Champai Soren amid BJP switch buzz",https://economictimes.indiatimes.com/news/politics-and-nation/a-new-chapter-of-my-life-is-going-to-start-from-today-says-ex-jharkhand-cm-champai-soren-amid-bjp-switch-buzz/articleshow/112608580.cms,stocks
The-Economic-Times,Top Gainers:Market News,https://economictimes.indiatimes.com//markets,stocks
The-Economic-Times,Top Mutual Funds:Mutual Funds,https://economictimes.indiatimes.com//mf/best-mutual-funds-to-buy/top-mutual-fund-schemes-to-invest,stocks
The-Economic-Times,RIL eyes JioCinema as sole OTT platform post-merger,https://economictimes.indiatimes.com/industry/media/entertainment/ril-may-have-just-jiocinema-as-ott-platform-post-merger/articleshow/112612286.cms,stocks
The-Economic-Times,ET MARKETSAhead of market: 10 things to track on Monday​Trading Guide: 8 stock ideas for next session8 factors to impact D-St movement this week,https://economictimes.indiatimes.com//markets,stocks
The-Economic-Times,Ahead of market: 10 things to track on Monday,https://economictimes.indiatimes.com/markets/stocks/news/ahead-of-market-10-things-that-will-decide-stock-action-on-monday/articleshow/112602189.cms,stocks
The-Economic-Times,​Trading Guide: 8 stock ideas for next session,https://economictimes.indiatimes.com/markets/stocks/news/market-trading-guide-tata-steel-kotak-mahindra-bank-among-8-stock-recommendations-for-monday/stock-ideas/slideshow/112602613.cms,stocks
The-Economic-Times,TFCI looks to set up alternative investment fund,https://economictimes.indiatimes.com/industry/banking/finance/tourism-finance-corporation-looks-to-set-up-alternative-investment-fund/articleshow/112612174.cms,stocks
The-Economic-Times,Commerce dept mulls options for key export schemes,https://economictimes.indiatimes.com/news/economy/foreign-trade/commerce-dept-mulls-options-for-key-export-schemes/articleshow/112611257.cms,stocks
The-Economic-Times,VCs fire up wealthtech investments amid HNI boom,https://economictimes.indiatimes.com/tech/startups/vcs-fire-up-wealthtech-investments-as-stock-market-surge-ignites-hni-boom/articleshow/112593135.cms,stocks
The-Economic-Times,Wear and tear: India's smartwatch market struggles,https://economictimes.indiatimes.com/tech/technology/wear-and-tear-indias-smartwatch-market-struggles-amid-fading-interest/articleshow/112592828.cms,stocks
The-Economic-Times,SEBI chief’s earnings under fire for potential rule breach amid Hindenburg controversy,https://economictimes.indiatimes.com/news/india/sebi-chief-madhabi-puri-buchs-earnings-under-scrutiny-for-rule-breach-amid-hindenburg-controversy/articleshow/112609187.cms,stocks
The-Economic-Times,"'Blow to self-respect, have 3 options before me,' says Champai Soren amid BJP switch buzz",https://economictimes.indiatimes.com/news/politics-and-nation/a-new-chapter-of-my-life-is-going-to-start-from-today-says-ex-jharkhand-cm-champai-soren-amid-bjp-switch-buzz/articleshow/112608580.cms,stocks
The-Economic-Times,Pessimism about Chinese economy grows,https://economictimes.indiatimes.com/small-biz/trade/exports/insights/charting-global-economy-pessimism-about-chinese-economy-grows-euro-zone-sends-distress-signals/articleshow/112601417.cms,stocks
The-Economic-Times,13 stocks which may benefit from recovery in rural consumption: From a tactical investment perspective,https://economictimes.indiatimes.com/markets/stocks/news/13-stocks-which-may-benefit-from-recovery-in-rural-consumption-from-a-tactical-investment-perspective/articleshow/112605514.cms,stocks
The-Economic-Times,There is more to banking than SBI and HDFC Bank: 7 bank stocks which are a kind of hybrid of PSU and Private banks,https://economictimes.indiatimes.com/markets/stocks/news/there-is-more-to-banking-than-sbi-and-hdfc-bank-7-bank-stocks-which-are-a-kind-of-hybrid-of-psu-and-private-banks/articleshow/112606166.cms,stocks
The-Economic-Times,Recession has its own losers & even winners: 5 stocks from pipes and wire sector with upside potential of up to 44%,https://economictimes.indiatimes.com/markets/stocks/news/recession-has-its-own-losers-even-winners-5-stocks-from-pipes-and-wire-sector-with-upside-potential-of-up-to-44/articleshow/112603175.cms,stocks
The-Economic-Times,10/10Stock ScoreView ReportExpected Returns46.70 %Stock RecommendationBuyTargetCurrent Price,"https://economictimes.indiatimes.com/markets/stockreportsplus/high-upside-in-nifty-smallcap-50/stockreportscategory/screenerid-2554,filter-15431.cms",stocks
The-Economic-Times,10/10Stock ScoreView ReportExpected Returns39.50 %Stock RecommendationStrong BuyTargetCurrent Price,"https://economictimes.indiatimes.com/markets/stockreportsplus/high-upside-in-nifty-smallcap-50/stockreportscategory/screenerid-2554,filter-15431.cms",stocks
The-Economic-Times,10/10Stock ScoreView ReportExpected Returns38.90 %Stock RecommendationBuyTargetCurrent Price,"https://economictimes.indiatimes.com/markets/stockreportsplus/high-upside-in-nifty-smallcap-50/stockreportscategory/screenerid-2554,filter-15431.cms",stocks
The-Economic-Times,"India a favoured partner: Gita GopinathCanada's plans to curb foreign worker abuseRIL to keep JioCinema as sole OTT post merger'Inox Wind has all building blocks in place'Central Bank nears deal for FEL insurance stakesRetail players, QSRs slashed jobs in FY24How blockchain is helping India's realtyUpgrading highways on centre’s plateFive Zika virus cases detected in BengaluruSSLV, pvt cos eye share in small satellite bizFoxconn in India invests $1.4 bn till dateFSSAI to check contamination in Indian foodPune court junks Burger King's trademark suitIndia-Aus talks from Monday; progress likelyFoxconn working on battery storage systemNearly 10 killed, 27 injured in UP bus crashMumbai Hosp doctor assaulted by attendantsICC U19 Women's T20 World Cup 2025 scheduleIndia's holding of US securities hits new highConsumption to revive in next qtrs: Bata MDBPCL has a Rs 1.7 lakh cr energy planHow TVS wants to expand electric 2W salesWas Kolkata doctor's death a cover-up?India to set Space Station by 2035: MinisterMP forms panel to control stray cattle menaceAir India flight attendant assaulted in LondonCarmakers revving up style quotientFoxconn hires regardless of gender: ChairmanGovt’s new strategy in Bastar’s Red Corridor'Stree 2' tops charts with over ₹100 crBJP membership drive begins Sept 1India Inc just isn't hiring as much as it used toMaha govt launches 'Ladki Bahin' schemeJP Nadda reviews monkeypox preparednessRaj gets investment proposals of Rs 5.21 L crMore from Top News »",https://economictimes.indiatimes.com/news/economy/indicators/india-a-favoured-partner-as-world-trade-diversifies-gita-gopinath/articleshow/112612311.cms,stocks
The-Economic-Times,RIL to keep JioCinema as sole OTT post merger,https://economictimes.indiatimes.com/industry/media/entertainment/ril-may-have-just-jiocinema-as-ott-platform-post-merger/articleshow/112612286.cms,stocks
The-Economic-Times,Central Bank nears deal for FEL insurance stakes,https://economictimes.indiatimes.com/industry/banking/finance/banking/central-bank-of-india-nears-deal-for-fels-insurance-stakes/articleshow/112612366.cms,stocks
The-Economic-Times,Foxconn in India invests $1.4 bn till date,https://economictimes.indiatimes.com/industry/cons-products/electronics/foxconn-business-in-india-crosses-10-billion-invests-1-4-billion-till-date/articleshow/112607097.cms,stocks
The-Economic-Times,India's holding of US securities hits new high,https://economictimes.indiatimes.com/news/economy/policy/indias-holding-of-american-securities-hits-high-of-usd-241-9-bn-in-june/articleshow/112602739.cms,stocks
The-Economic-Times,Raj gets investment proposals of Rs 5.21 L cr,https://economictimes.indiatimes.com/news/india/rajasthan-govt-receives-investment-proposals-of-rs-5-21-lakh-cr-ahead-of-summit/articleshow/112589368.cms,stocks
The-Economic-Times,"US election 2024: Has Donald Trump lost key states against Kamala Harris even before November 5?Pachinko Season 2: When will new episodes stream and what to expect from Solomon BaekNEC withdraws 'Vision Plan 2047' over Kuki migration errorCentral Bank of India nears deal for FEL's insurance stakesPM Modi monitoring Mpox status; meeting takes stock of preparednessMan City beat Chelsea to start Premier League title defenceIndia a favoured partner as world trade diversifies: Gita GopinathKumari Selja throws her hat in Haryana assembly poll ringRIL may have just JioCinema as OTT platform post mergerThird eye: Drunk BJP MLA accosts Pankaja; sensitivity by Kiwis appreciated & it’s time for consultantsNew video game release date on PlayStation 5, PC. How to play, key features'Kabaddi League proves viability of non-cricket tournaments'Demonstrators hit Kolkata streets with 'want justice' sloganInox Wind has all building blocks in place: Devansh Jain, Executive director, InoxGFL GroupMinor girl 'gangraped' in Uttarakhand roadways bus in DehradunMore from Latest News »",https://economictimes.indiatimes.com/news/international/us/us-election-2024-has-donald-trump-lost-key-states-against-kamala-harris-even-before-november-5/articleshow/112612469.cms,stocks
The-Economic-Times,Central Bank of India nears deal for FEL's insurance stakes,https://economictimes.indiatimes.com/industry/banking/finance/banking/central-bank-of-india-nears-deal-for-fels-insurance-stakes/articleshow/112612366.cms,stocks
The-Economic-Times,PM Modi monitoring Mpox status; meeting takes stock of preparedness,https://economictimes.indiatimes.com/industry/healthcare/biotech/healthcare/pm-modi-monitoring-mpox-status-meeting-takes-stock-of-preparedness/articleshow/112612319.cms,stocks
The-Economic-Times,RIL may have just JioCinema as OTT platform post merger,https://economictimes.indiatimes.com/industry/media/entertainment/ril-may-have-just-jiocinema-as-ott-platform-post-merger/articleshow/112612286.cms,stocks
The-Economic-Times,"RIL may have just JioCinema as OTT platform post mergerReliance Industries plans to merge Disney+ Hotstar with JioCinema after their Star-Viacom18 merger. This consolidation aims to save costs an...Tourism Finance Corporation looks to set up alternative investment fundThe firm is also exploring ways to raise funds through long-term bonds and debentures, he told ET, adding that TFCI will aggressively expand...How blockchain is helping transform India's realty landscapeBlockchain technology started to impact real estate worldwide by introducing greater transparency and efficiency. In India, its adoption had...Apple India business value exceeds ₹2 lakh Cr. How did it reach there?In fiscal 2024, Apple Inc. achieved a business value exceeding ₹2 lakh crore in India, driven by increased iPhone exports and domestic sales...Foxconn business in India crosses $10 billion; invests $1.4 billion till dateFoxconn's business in India has surged past USD 10 billion as of 2024, according to chairman Young Liu. The Taiwanese electronics giant, whi...Second edition of ET Infra ‘Global Ports & Shipping Summit’ to explore the road ahead for Maritime Amrit Kaal Vision 2047The second edition of the summit will be held on 26th September in Mumbai and will see participation from top echelons of the government, pu...",https://economictimes.indiatimes.com/industry/media/entertainment/ril-may-have-just-jiocinema-as-ott-platform-post-merger/articleshow/112612286.cms,stocks
The-Economic-Times,Crypto market insights: Effective strategies for volatile conditio...,https://economictimes.indiatimes.com/markets/cryptocurrency/crypto-market-insights-effective-strategies-for-volatile-conditions/articleshow/112564285.cms,stocks
The-Economic-Times,More hedge funds buy Bitcoin ETFs on institutional demand,https://economictimes.indiatimes.com/markets/cryptocurrency/more-hedge-funds-buy-bitcoin-etfs-on-institutional-demand/articleshow/112554743.cms,stocks
The-Economic-Times,"WazirX ends custody deal with Liminal, begins migration of funds t...",https://economictimes.indiatimes.com/markets/cryptocurrency/wazirx-ends-custody-deal-with-liminal-begins-migration-of-funds-to-new-wallets-after-230-million-hack/articleshow/112527520.cms,stocks
The-Economic-Times,Crypto Gems: Top Crypto Assets To Watch & Buy in August 2024,https://economictimes.indiatimes.com/markets/cryptocurrency/crypto-gems-top-crypto-assets-to-watch-buy-in-august-2024/articleshow/112440281.cms,stocks
The-Economic-Times,Will Indian investors become impacted if the US became the world’s...,https://economictimes.indiatimes.com/markets/cryptocurrency/will-indian-investors-become-impacted-if-the-us-became-the-worlds-bitcoin-superpower/articleshow/112418588.cms,stocks
The-Economic-Times,Navigating Uncertainty: Insights on trading in a volatile crypto m...,https://economictimes.indiatimes.com/markets/cryptocurrency/navigating-uncertainty-insights-on-trading-in-a-volatile-crypto-market/articleshow/112372794.cms,stocks
The-Economic-Times,Crypto sell-off deepens as weak economic data dampens risk-taking,https://economictimes.indiatimes.com/markets/cryptocurrency/crypto-sell-off-deepens-as-weak-economic-data-dampens-risk-taking/articleshow/112294443.cms,stocks
The-Economic-Times,"Bitcoin, ether hit multi-month lows as recession worries take hold",https://economictimes.indiatimes.com/markets/cryptocurrency/bitcoin-ether-sink-to-multi-month-lows-as-recession-worries-take-hold/articleshow/112275326.cms,stocks
The-Economic-Times,Ethereum ETFs Launched — Why is ETH's Price Dropping?,https://economictimes.indiatimes.com/markets/cryptocurrency/ethereum-etfs-launched-why-is-eths-price-dropping/articleshow/112220107.cms,stocks
The-Economic-Times,"Bitcoin falls below $64,000 amid global equity slump and geopoliti...",https://economictimes.indiatimes.com/markets/cryptocurrency/bitcoin-falls-below-64000-amid-global-equity-slump-and-geopolitical-tensions/articleshow/112220125.cms,stocks
The-Economic-Times,"Wealthtech Startups Gaining CurrencyThe expansion of stock markets and wealth generation in the country is opening up new opportunities for sector-focused wealthtech startups. And venture firms are pouring in millions of dollars to support these nascent businesses.Modi Exhorts Global South to Fight Terror, SeparatismCountries of the Global South should unite to tackle terrorism, extremism and separatism besides seeking to shore up health, food and energy security and bridging the technology divide amid the uncertainty that grips the world, Prime Minister Narendra Modi said on Saturday.FM Bats for Critical MDB ReformsIndia Saturday made a case for reform in multilateral development banks (MDBs) to allow them mobilise additional funds to help developing countries meet their development needs and address global challenges.""It is critical that the financing requests made to MDBs are met with speed and agility.",https://economictimes.indiatimes.com/epaper/delhicapital/2024/aug/18/sunet-front/wealthtech-startups-gaining-currency-in-india/articleshow/112596463.cms,stocks
The-Economic-Times,"Best Laptops under 40,000- Multitasking, Powerful and Affordable options",https://economictimes.indiatimes.com/top-trending-products/electronics/laptops/best-laptops-under-your-budget-with-cutting-edge-technology-and-on-point-performance/articleshow/111347723.cms,stocks
The-Economic-Times,"Best Laptops under 40,000- Multitasking, Powerful and Affordable options",https://economictimes.indiatimes.com/top-trending-products/electronics/laptops/best-laptops-under-your-budget-with-cutting-edge-technology-and-on-point-performance/articleshow/111293742.cms,stocks
The-Economic-Times,12 Best-Selling Washing Machines in 2024: Effortless Laundry with the Top-Selling Washing Wonders,https://economictimes.indiatimes.com/top-trending-products/major-appliances/washing-machine/best-selling-washing-machines-get-effortless-laundry-with-the-top-selling-washers/articleshow/104134992.cms,stocks
The-Economic-Times,Best Selling Mini Refrigerators Under 15000 in India in 2024,https://economictimes.indiatimes.com/top-trending-products/major-appliances/refrigerators/best-selling-mini-refrigerators-under-15000-in-india-in-2024/articleshow/109012424.cms,stocks
The-Economic-Times,10 Best Selling Haier Refrigerators in India in 2024,https://economictimes.indiatimes.com/top-trending-products/major-appliances/refrigerators/major-appliances/refrigerators/best-selling-haier-refrigerators-to-meet-your-summer-needs/articleshow/109255814.cms,stocks
The-Economic-Times,ITR refund scamSaturday bank holidaySBI loansNew FD rules,https://economictimes.indiatimes.com/wealth/save/itr-refund-scam-fy2023-24-dont-fall-prey-to-this-income-tax-refund-scam-warns-tax-department/articleshow/112559567.cms,stocks
The-Economic-Times,New LTCG rulesITR RefundsTax refund,https://economictimes.indiatimes.com/wealth/tax/nri-cannot-claim-ltcg-indexation-benefit-while-selling-property-in-india/articleshow/112513443.cms,stocks
The-Economic-Times,Small cap fundsWhiteOak Capital Mutual FundMirae Asset Mutual FundStaggered investment,https://economictimes.indiatimes.com/mf/analysis/small-cap-funds-broaden-their-stock-holdings-to-spread-risk/articleshow/104297205.cms,stocks
The-Economic-Times,Mutual funds equity portfolioKotak Multi Asset Allocation FundSensexNifty,https://economictimes.indiatimes.com/mf/analysis/mutual-funds-equity-portfolio-value-surges/articleshow/104271609.cms,stocks
The-Economic-Times,Navi Mutual FundEdelweiss Multi Cap Fund,https://economictimes.indiatimes.com/mf/mf-news/navi-mutual-fund-files-draft-for-nifty-it-index-fund/articleshow/104125381.cms,stocks
The-Economic-Times,Empowering every investor: How factor analysis can supercharge your portfolio,https://economictimes.indiatimes.com/wealth/invest/empowering-every-investor-how-factor-analysis-can-supercharge-your-portfolio/articleshow/112519473.cms,stocks
The-Economic-Times,Trading Crypto F&O Spreads with Delta Exchange,"https://economictimes.indiatimes.com/markets/etmarkets-live/expert-bio/delta-exchange,expertid-140.cms",stocks
The-Economic-Times,Only 5% of Indians know how to invest their money. Join them now!,https://bit.ly/3Jz2y4q,stocks
The-Economic-Times,From Vision to Market: The Share.Market Story,https://bit.ly/3LUKT8v,stocks
The-Economic-Times,Building an Investment Portfolio Using Factors,https://youtu.be/7B0Pg88HB1s,stocks
The-Economic-Times,Earn up to 7.75% interest rate on 1-year FDs: 5 banks offering highest FD rates,https://economictimes.indiatimes.com//wealth/web-stories/earn-up-to-7-75-interest-rate-on-1-year-fds-5-banks-offering-highest-fd-rates/slideshow/112583150.cms,stocks
The-Economic-Times,"Gainers & Losers: Ola Electric, DLF among 5 stocks in limelight on Friday",https://economictimes.indiatimes.com//markets/web-stories/gainers-amp-losers-ola-electric-dlf-among-5-stocks-in-limelight-on-friday/slideshow/112567328.cms,stocks
The-Economic-Times,These 4 F&O stocks saw a high increase in futures open interest,https://economictimes.indiatimes.com//markets/web-stories/these-4-fo-stocks-saw-a-high-increase-in-futures-open-interest/slideshow/112556863.cms,stocks
The-Economic-Times,RSI trending up: These 3 stocks showing RSI trending higher on August 14,https://economictimes.indiatimes.com//markets/web-stories/rsi-trending-up-these-3-stocks-showing-rsi-trending-higher-on-august-14/slideshow/112556620.cms,stocks
The-Economic-Times,These 4 stocks close crossing below VWAP on August 14,https://economictimes.indiatimes.com//markets/web-stories/these-4-stocks-close-crossing-below-vwap-on-august-14/slideshow/112556489.cms,stocks
The-Economic-Times,Positive Breakout: Paytm among 5 stocks that crossed above their 200 DMAs,https://economictimes.indiatimes.com//markets/web-stories/positive-breakout-paytm-among-5-stocks-that-crossed-above-their-200-dmas/slideshow/112556340.cms,stocks
The-Economic-Times,These 3 stocks closed crossing above VWAP on August 14,https://economictimes.indiatimes.com//markets/web-stories/these-3-stocks-closed-crossing-above-vwap-on-august-14/slideshow/112556111.cms,stocks
The-Economic-Times,At multi-year highs: These 3 stocks witness 5-year swing high breakout,https://economictimes.indiatimes.com//markets/web-stories/at-multi-year-highs-these-3-stocks-witness-5-year-swing-high-breakout/slideshow/112555669.cms,stocks
The-Economic-Times,Amitabh Bachchan’s KBC Earnings Revealed. What He Earned Per Season?,https://economictimes.indiatimes.com//magazines/panache/web-stories/amitabh-bachchans-kbc-earnings-revealed-what-he-earned-per-season/slideshow/112547230.cms,stocks
The-Economic-Times,​Who owns NASA and how is it funded? 6 interesting facts,https://economictimes.indiatimes.com/news/science/who-owns-nasa-and-how-is-it-funded-6-interesting-facts/slideshow/112605825.cms,stocks
The-Economic-Times,How to choose the right ELSS mutual funds to invest,https://economictimes.indiatimes.com/wealth/invest/how-to-select-the-right-elss-mutual-funds-to-invest/elss-mutual-funds-one-of-the-best-tax-saving-investments/slideshow/112547358.cms,stocks
The-Economic-Times,"From 610 kg to 63 kg: How world's heaviest man, Khalid Shaari, lost 542 kg weightReliance Foundation scholarships for 2024-25: Up to Rs 6 lakh support for each student. How to apply, eligibility and last dateIs another mega risk building up for global economy?Ex-Twitter employee awarded Rs 5 crore compensation after he ignored Elon Musk's  ‘Yes or No’ emailEmpowering every investor: How factor analysis can supercharge your portfolioMade false deduction claim in ITR? Income tax dept wants employees to rectify this and pay the due tax or be ready for penal actionReacher season 3 on Prime Video cancelled? Here is what we know so farMore  »",https://economictimes.indiatimes.com/news/new-updates/from-610-kg-to-63-kg-how-worlds-heaviest-man-khalid-shaari-lost-542-kg-weight/articleshow/112519257.cms,stocks
The-Economic-Times,Is another mega risk building up for global economy?,https://economictimes.indiatimes.com/news/economy/policy/mpox-virus-impact-what-is-mpox-virus-pakistan-is-another-mega-risk-building-up-for-global-economy/articleshow/112567405.cms,stocks
The-Economic-Times,Empowering every investor: How factor analysis can supercharge your portfolio,https://economictimes.indiatimes.com/wealth/invest/empowering-every-investor-how-factor-analysis-can-supercharge-your-portfolio/articleshow/112519473.cms,stocks
The-Economic-Times,Independence Day 2024 LiveGoogle downNIRF Rankings 2024OTET Admit Card 2024,https://m.economictimes.com/news/newsblogs/india-independence-day-2024-live-updates-pm-modi-speech-president-droupadi-murmu-red-fort-78th-independence-day-flag-hoisting-parade-title-independence-day-2024-live/liveblog/112537194.cms,stocks
